{
      "module": "Customer",
      "description": "The Customer module manages all customer-related information, transactions, and interactions. It provides tools to handle customer master data, sales activities, order processing, contact management, and customer service analytics. This module enables organizations to maintain strong customer relationships, streamline sales operations, and improve service responsiveness.",
      "sections": [
        {
          "section": "My Favorite",
          "features": [
            {
              "name": "Instrument Master",
              "description": "Configure and manage customer-related instruments and tools for streamlined operations.",
              "guidance": "To configure an instrument, go to Customer > My Favorite > Instrument Master. Enter the instrument details and save."
            },
            {
              "name": "Portlet",
              "description": "Access customizable dashboards and widgets for quick customer insights.",
              "guidance": "To configure a portlet, go to Customer > My Favorite > Portlet. Enter the portlet name, select its type, and specify the associated component. Click Save to apply the settings."
            },
            {
              "name": "Icamap",
              "description": "Visual mapping tool for customer activities and relationship tracking.",
              "guidance": "To use Icamap, go to Customer > My Favorite > Icamap. Select the customer activity to visualize and review the mapped progress."
            },
            {
              "name": "POY Process Checklist",
              "description": "Checklist to ensure all essential customer processes are completed and compliant.",
              "guidance": "To use the POY Process Checklist, go to Customer > My Favorite > POY Process Checklist. Mark each completed step and save your progress."
            }
          ]
        },
        {
          "section": "Transaction",
          "features": [
            {
              "name": "Address",
              "description": "Manage and update customer addresses for billing, shipping, and contact.",
              "guidance": "To manage addresses, go to Customer > Transaction > Address. Add or update customer address details and save."
            },
            {
              "name": "Contact",
              "description": "Store and maintain customer contact details and communication history.",
              "guidance": "To manage contacts, go to Customer > Transaction > Contact. Add or update customer contact information and save."
            },
            {
              "name": "Sales",
              "description": "Record and track sales transactions with customers.",
              "guidance": "To record a sale, go to Customer > Transaction > Sales. Enter sale details and save."
            },
            {
              "name": "Order",
              "description": "Manage customer orders, from creation to fulfillment.",
              "guidance": "To manage orders, go to Customer > Transaction > Order. Create, update, or track customer orders."
            },
            {
              "name": "Pending Status",
              "description": "Monitor outstanding orders and pending customer requests.",
              "guidance": "To view pending status, go to Customer > Transaction > Pending Status. Check for outstanding orders and requests."
            },
            {
              "name": "Ledger Single",
              "description": "View individual customer ledger details for financial tracking.",
              "guidance": "To view a customer ledger, go to Customer > Transaction > Ledger Single. Search for the customer and review their financial details."
            },
            {
              "name": "Analysis",
              "description": "Analyze customer data, sales trends, and performance metrics.",
              "guidance": "To analyze customer data, go to Customer > Transaction > Analysis. View reports and insights for better decision-making."
            },
            {
              "name": "Pending Call",
              "description": "Track unresolved customer service calls or support tickets.",
              "guidance": "To track pending calls, go to Customer > Transaction > Pending Call. Review and manage open customer service tickets."
            },
            {
              "name": "Call Aging Details",
              "description": "Monitor the age and status of open customer calls for timely resolution.",
              "guidance": "To monitor call aging, go to Customer > Transaction > Call Aging Details. Review call history and prioritize follow-up."
            },
            {
              "name": "Order Inquiry",
              "description": "Enable customers or staff to inquire about order status and details.",
              "guidance": "To process an order inquiry, go to Customer > Transaction > Order Inquiry. Search for the order and provide updates."
            },
            {
              "name": "Outstanding Analysis",
              "description": "Analyze outstanding balances and overdue payments for each customer.",
              "guidance": "To analyze outstanding balances, go to Customer > Transaction > Outstanding Analysis. View reports and take necessary action."
            },
            {
              "name": "Allocation",
              "description": "Allocate resources, products, or credits to customers as needed.",
              "guidance": "To allocate resources, go to Customer > Transaction > Allocation. Assign products or credits to customers and save."
            },
            {
              "name": "Call Activity",
              "description": "Log and review all customer call activities for service and follow-up.",
              "guidance": "To log call activities, go to Customer > Transaction > Call Activity. Record details and ensure timely follow-up."
            }
          ]
        }
      ]
    }

